{
    "accuracy": 0.8622626072296325,
    "precision": 0.2563160312356454,
    "recall": 0.32503276539973786,
    "f1": 0.2866131621187801,
    "roc_auc": 0.7408133323996948,
    "confusion_matrix": [
        [
            67325,
            6476
        ],
        [
            4635,
            2232
        ]
    ],
    "classification_report": {
        "0": {
            "precision": 0.9355892162312396,
            "recall": 0.9122505115106841,
            "f1-score": 0.9237724768628097,
            "support": 73801.0
        },
        "1": {
            "precision": 0.2563160312356454,
            "recall": 0.32503276539973786,
            "f1-score": 0.2866131621187801,
            "support": 6867.0
        },
        "accuracy": 0.8622626072296325,
        "macro avg": {
            "precision": 0.5959526237334425,
            "recall": 0.618641638455211,
            "f1-score": 0.605192819490795,
            "support": 80668.0
        },
        "weighted avg": {
            "precision": 0.8777649369462104,
            "recall": 0.8622626072296325,
            "f1-score": 0.8695332120447002,
            "support": 80668.0
        }
    },
    "optimal_threshold": 0.61
}