{
  "best_prauc": 0.12182225108917157,
  "best_config": "neg_rate=3, lr=0.1, batch_size=256",
  "best_model_path": "trained_models/3_0.1_256/bestmodel",
  "all_results": [
    {
      "config": "neg_rate=3, lr=0.001, batch_size=256",
      "path": "trained_models/3_0.001_256/bestmodel",
      "prauc": 0.08931309306265836,
      "f1": 0.1179451739230592,
      "accuracy": 0.9050264779928813,
      "precision": 0.1262950172668969,
      "recall": 0.11063094209161625,
      "threshold": -0.1845703125,
      "f1_05": 0.0,
      "accuracy_05": 0.9426041447050215,
      "precision_05": 0.0,
      "recall_05": 0.0,
      "f1_youden": 0.042105263157894736,
      "accuracy_youden": 0.939057209827242,
      "precision_youden": 0.2151394422310757,
      "recall_youden": 0.023336214347450302,
      "f1_balanced": 0.12880997592153945,
      "precision_balanced": 0.07082122484124422,
      "recall_balanced": 0.7108902333621435,
      "pos_ratio": 0.05739585529497848,
      "pred_ratio": 0.05027718179901529,
      "status": "completed"
    },
    {
      "config": "neg_rate=3, lr=0.01, batch_size=256",
      "path": "trained_models/3_0.01_256/bestmodel",
      "prauc": 0.07417423346518108,
      "f1": 0.07205982324949015,
      "accuracy": 0.8984286830454032,
      "precision": 0.0757503573130062,
      "recall": 0.06871218668971478,
      "threshold": 1.1640625,
      "f1_05": 0.13997358988870023,
      "accuracy_05": 0.37805861123857476,
      "precision_05": 0.07602034163515452,
      "recall_05": 0.8818063958513397,
      "f1_youden": 0.1396806929093142,
      "accuracy_youden": 0.339724430444111,
      "precision_youden": 0.07548553863350566,
      "recall_youden": 0.9338807260155575,
      "f1_balanced": 0.1401589577469775,
      "precision_balanced": 0.07633278704328546,
      "recall_balanced": 0.8554451166810717,
      "pos_ratio": 0.05739585529497848,
      "pred_ratio": 0.052063051108107106,
      "status": "completed"
    },
    {
      "config": "neg_rate=3, lr=0.1, batch_size=256",
      "path": "trained_models/3_0.1_256/bestmodel",
      "prauc": 0.12182225108917157,
      "f1": 0.17609342798259675,
      "accuracy": 0.9107561420262176,
      "precision": 0.18728689722357525,
      "recall": 0.16616248919619706,
      "threshold": 0.9921875,
      "f1_05": 0.1284838900968571,
      "accuracy_05": 0.23448215990971438,
      "precision_05": 0.06873319435632497,
      "recall_05": 0.9831460674157303,
      "f1_youden": 0.1353116864448739,
      "accuracy_youden": 0.3285751491324892,
      "precision_youden": 0.07305589569356535,
      "recall_youden": 0.9152981849611063,
      "f1_balanced": 0.13958049113233287,
      "precision_balanced": 0.07742881468167628,
      "recall_balanced": 0.7074330164217805,
      "pos_ratio": 0.05739585529497848,
      "pred_ratio": 0.05092207904952067,
      "status": "completed"
    }
  ]
}