{
    "accuracy": 0.8423538453909852,
    "precision": 0.22030981067125646,
    "recall": 0.33551769331585846,
    "f1": 0.265974025974026,
    "roc_auc": 0.7164705014656452,
    "confusion_matrix": [
        [
            65647,
            8154
        ],
        [
            4563,
            2304
        ]
    ],
    "classification_report": {
        "0": {
            "precision": 0.9350092579404643,
            "recall": 0.8895136922263926,
            "f1-score": 0.9116942455784628,
            "support": 73801.0
        },
        "1": {
            "precision": 0.22030981067125646,
            "recall": 0.33551769331585846,
            "f1-score": 0.265974025974026,
            "support": 6867.0
        },
        "accuracy": 0.8423538453909852,
        "macro avg": {
            "precision": 0.5776595343058604,
            "recall": 0.6125156927711255,
            "f1-score": 0.5888341357762443,
            "support": 80668.0
        },
        "weighted avg": {
            "precision": 0.8741692581338788,
            "recall": 0.8423538453909852,
            "f1-score": 0.8567262192480262,
            "support": 80668.0
        }
    },
    "optimal_threshold": 0.6
}