{
    "training": {
        "timestamp": "20250622_200732",
        "duration_seconds": 2.501695394515991,
        "config_file": "configs/train_xgboost.yaml",
        "hyperparam_tuning": false
    },
    "data": {
        "train_samples": 127720,
        "val_samples": 80668,
        "test_samples": "not evaluated",
        "features": 378,
        "class_distribution": {
            "train": {
                "0": 95790,
                "1": 31930
            },
            "val": {
                "0": 73801,
                "1": 6867
            },
            "test": "not evaluated"
        }
    },
    "model": {
        "optimal_threshold": 0.41000000000000003,
        "best_params": "not tuned"
    },
    "metrics": {
        "validation": {
            "f1": 0.3531118325619949,
            "precision": 0.3358738501971091,
            "recall": 0.3722149410222805,
            "accuracy": 0.8839068775722715,
            "roc_auc": 0.7907240523842521
        },
        "test": "not evaluated"
    }
}