{
    "accuracy": 0.9517404606592391,
    "precision": 0.5839391936549901,
    "recall": 0.6801385681293303,
    "f1": 0.6283783783783784,
    "roc_auc": 0.9624328208482869,
    "confusion_matrix": [
        [
            78901,
            2518
        ],
        [
            1662,
            3534
        ]
    ],
    "classification_report": {
        "False": {
            "precision": 0.9793701823417698,
            "recall": 0.9690735577690711,
            "f1-score": 0.974194663604598,
            "support": 81419.0
        },
        "True": {
            "precision": 0.5839391936549901,
            "recall": 0.6801385681293303,
            "f1-score": 0.6283783783783784,
            "support": 5196.0
        },
        "accuracy": 0.9517404606592391,
        "macro avg": {
            "precision": 0.7816546879983799,
            "recall": 0.8246060629492007,
            "f1-score": 0.8012865209914882,
            "support": 86615.0
        },
        "weighted avg": {
            "precision": 0.9556484318687973,
            "recall": 0.9517404606592391,
            "f1-score": 0.953449279802307,
            "support": 86615.0
        }
    },
    "optimal_threshold": 0.74
}