{
    "accuracy": 0.8839068775722715,
    "precision": 0.3358738501971091,
    "recall": 0.3722149410222805,
    "f1": 0.3531118325619949,
    "roc_auc": 0.7907240523842521,
    "confusion_matrix": [
        [
            68747,
            5054
        ],
        [
            4311,
            2556
        ]
    ],
    "classification_report": {
        "0": {
            "precision": 0.9409920884776479,
            "recall": 0.9315185431091719,
            "f1-score": 0.9362313511599561,
            "support": 73801.0
        },
        "1": {
            "precision": 0.3358738501971091,
            "recall": 0.3722149410222805,
            "f1-score": 0.3531118325619949,
            "support": 6867.0
        },
        "accuracy": 0.8839068775722715,
        "macro avg": {
            "precision": 0.6384329693373785,
            "recall": 0.6518667420657263,
            "f1-score": 0.6446715918609756,
            "support": 80668.0
        },
        "weighted avg": {
            "precision": 0.8894803745108649,
            "recall": 0.8839068775722715,
            "f1-score": 0.8865923154306434,
            "support": 80668.0
        }
    },
    "optimal_threshold": 0.41000000000000003
}