{
  "max_depth": 2,
  "min_child_weight": 9,
  "gamma": 0.6110221485493573,
  "learning_rate": 0.05564919112766147,
  "n_estimators": 350,
  "alpha": 0.06744529574297156,
  "lambda": 3.9988920261351786,
  "subsample": 0.7061934931180996,
  "colsample_bytree": 0.5952384895636949,
  "colsample_bylevel": 0.8830508376250706,
  "colsample_bynode": 0.8398752997122717,
  "scale_pos_weight": 9.05051681395347
}