count,mean,std,min,q1,median,q3,max
2654,19.708810600351672,26.339157944818865,0.0,7.883333333333334,13.091666666666667,22.370833333333334,480.0
