count,mean,std,min,q1,median,q3,max
1116,18.152882317801673,16.74930379223512,1.5666666666666667,8.333333333333334,12.825,21.412499999999998,156.25
