count,mean,std,min,q1,median,q3,max
1454,16.988995873452545,14.570063158428878,1.0,9.466666666666667,14.116666666666667,20.495833333333334,270.0
